category_english,orders,gmv,freight,avg_price,avg_freight,avg_review_score,low_rating_count,delivered_orders,late_count,avg_lead_time_days,revenue,freight_ratio_pct,low_rating_rate_pct,late_rate_pct,price_diff_vs_baseline,freight_diff_vs_baseline,review_diff_vs_baseline,low_rating_diff_vs_baseline,late_rate_diff_vs_baseline
health_beauty,8803,1259968.04,182651.86,143.12939225264114,20.74881972054981,4.169033284107691,1141,8614,775,12.091885805693112,1442619.9,14.496547071146344,12.96149040099966,8.996981657766428,5.379392252641139,-2.0711802794501892,0.09903328410769063,-2.0785095990003395,0.8869816577664285
watches_gifts,5603,1203090.21,100791.59,214.7225075852222,17.988861324290557,4.052114938425843,869,5474,468,12.819929574128222,1303881.8,8.377725058539042,15.509548456184188,8.54950675922543,76.97250758522219,-4.831138675709443,-0.017885061574157035,0.4695484561841887,0.4395067592254307
bed_bath_table,9299,1031939.54,204154.08,110.97317345951178,21.954412302398104,3.958597698677277,1588,9154,808,13.032464177772923,1236093.62,19.783531116561342,17.07710506506076,8.826742407690627,-26.776826540488216,-0.8655876976018959,-0.11140230132272322,2.0371050650607607,0.7167424076906279
sports_leisure,7685,987819.48,168516.26,128.5386441119063,21.927945348080677,4.157839947950553,1021,7495,583,12.257112205976824,1156335.74,17.05941858931553,13.28562134027326,7.778519012675117,-9.211355888093692,-0.8920546519193238,0.0878399479505525,-1.75437865972674,-0.3314809873248823
computers_accessories,6661,912684.83,147178.56,137.01919081219035,22.095565230445878,4.014712505629785,1092,6502,503,13.186484995898066,1059863.39,16.125890905845342,16.393934844617924,7.736081205782836,-0.7308091878096548,-0.7244347695541222,-0.05528749437021485,1.3539348446179247,-0.3739187942171638
furniture_decor,6351,732081.75,172741.03,115.27031176192726,27.199028499448904,4.0108644307983,1057,6210,532,13.12875637040019,904822.78,23.595866172049774,16.643048338844277,8.56682769726248,-22.47968823807274,4.3790284994489035,-0.05913556920170038,1.6030483388442782,0.4568276972624812
housewares,5829,635149.98,146490.01,108.96379825012866,25.131242065534398,4.135014582261109,782,5688,399,11.111738892714357,781639.99,23.063845487328837,13.415680219591696,7.014767932489452,-28.78620174987134,2.3112420655343975,0.06501458226110834,-1.6243197804083032,-1.0952320675105476
cool_stuff,3597,634415.95,83927.04,176.3736308034473,23.33251042535446,4.1659716430358635,452,3524,243,12.411484933340692,718342.99,13.229024270275676,12.566027244926328,6.895573212258797,38.6236308034473,0.5125104253544599,0.09597164303586325,-2.473972755073671,-1.2144267877412025
auto,3877,591982.92,92440.31,152.69097755996907,23.843257673458858,4.085375290172814,567,3790,328,12.331706722310196,684423.23,15.615367754191285,14.624709827185969,8.654353562005277,14.94097755996907,1.0232576734588577,0.015375290172813472,-0.41529017281403036,0.5443535620052771
garden_tools,3480,486417.93,98993.1,139.7752672413793,28.446293103448276,4.1419540229885055,460,3412,274,13.664890056472798,585411.03,20.35144962686717,13.218390804597702,8.030480656506448,2.0252672413793107,5.626293103448276,0.07195402298850517,-1.8216091954022975,-0.07951934349355128
toys,3863,483475.83,77641.28,125.15553455863319,20.098700491845715,4.172663732850117,506,3781,285,11.752449157948613,561117.11,16.058978584306892,13.098628009319183,7.537688442211055,-12.594465441366808,-2.721299508154285,0.10266373285011632,-1.9413719906808158,-0.5723115577889448
baby,2840,411556.27,68248.43,144.9141795774648,24.03113732394366,4.035211267605634,455,2764,256,12.705514807612424,479804.7,16.583013059186293,16.02112676056338,9.261939218523878,7.164179577464807,1.2111373239436602,-0.034788732394366306,0.9811267605633809,1.1519392185238786
perfumery,3149,399511.48,54242.55,126.86931724356938,17.22532550015878,4.204826929183868,418,3074,228,11.924081944444444,453754.02999999997,13.57721935800193,13.27405525563671,7.41704619388419,-10.880682756430616,-5.594674499841219,0.13482692918386796,-1.7659447443632885,-0.6929538061158098
telephony,4181,323217.86,71163.68,77.3063525472375,17.0207318823248,3.996412341545085,656,4075,348,12.974857657350602,394381.54,22.017248675552768,15.690026309495336,8.539877300613497,-60.443647452762505,-5.799268117675201,-0.07358765845491533,0.6500263094953365,0.42987730061349794
office_furniture,1264,273173.47000000003,68225.72,216.1182515822785,53.97604430379747,3.6186708860759493,286,1245,115,20.70659708277555,341399.19000000006,24.975236431268378,22.626582278481013,9.236947791164658,78.3682515822785,31.156044303797472,-0.45132911392405095,7.586582278481014,1.1269477911646586
stationery,2299,232080.79,47029.46,100.94858199217052,20.456485428447152,4.2370595911265765,267,2252,175,12.785560052587002,279110.25,20.26426228556013,11.613745106568073,7.770870337477797,-36.80141800782948,-2.363514571552848,0.1670595911265762,-3.426254893431926,-0.3391296625222022
computers,181,223040.93,9896.66,1232.2703314917126,54.67767955801105,4.138121546961326,25,177,13,13.910157198158611,232937.59,4.437149719560441,13.812154696132598,7.344632768361582,1094.5203314917126,31.85767955801105,0.06812154696132566,-1.2278453038674009,-0.7653672316384172
pet_shop,1703,214462.58000000002,39594.48,125.93222548443923,23.249841456253673,4.2360540223135645,198,1681,106,11.38985769603631,254057.06000000003,18.4621858041622,11.626541397533764,6.305770374776919,-11.817774515560771,0.42984145625367276,0.16605402231356425,-3.4134586024662354,-1.8042296252230807
musical_instruments,624,191235.04,18626.6,306.46641025641026,29.85032051282051,4.169871794871795,83,607,54,13.122493726737446,209861.64,9.740160589816593,13.301282051282051,8.896210873146623,168.71641025641026,7.030320512820509,0.09987179487179443,-1.738717948717948,0.786210873146624
small_appliances,627,189653.47,15995.23,302.4776236044657,25.5107336523126,4.154704944178628,90,606,38,11.00816810674123,205648.7,8.433924251425507,14.354066985645932,6.270627062706271,164.7276236044657,2.6907336523125984,0.08470494417862806,-0.6859330143540667,-1.8393729372937289
uncategorized,1413,177910.84,27686.87,125.91000707714083,19.594387827317764,3.9228591648973814,278,1355,121,12.752533030955309,205597.71,15.562216445046293,19.67445152158528,8.929889298892988,-11.839992922859167,-3.2256121726822364,-0.14714083510261888,4.63445152158528,0.8198892988929884
electronics,2539,160861.7,46881.59,63.35632138637259,18.464588420638044,4.084285151634502,362,2506,247,12.941406753421418,207743.29,29.144034907003963,14.257581725088617,9.85634477254589,-74.3936786136274,-4.355411579361956,0.014285151634501503,-0.7824182749113824,1.746344772545891
consoles_games,1058,157333.38999999998,19821.91,148.70830812854442,18.735264650283554,4.050094517958412,155,1014,83,13.793242909452845,177155.3,12.59866707251398,14.650283553875237,8.185404339250493,10.958308128544417,-4.084735349716446,-0.019905482041588485,-0.389716446124762,0.07540433925049328
fashion_bags_accessories,1855,152842.65,31514.32,82.39495956873316,16.988851752021564,4.175202156334231,222,1812,121,11.245222199240056,184356.97,20.618799791812037,11.967654986522911,6.677704194260485,-55.35504043126684,-5.831148247978437,0.10520215633423113,-3.072345013477088,-1.432295805739514
construction_tools_construction,740,145116.63,20798.28,196.10355405405406,28.10578378378378,4.075675675675676,109,728,67,10.909530979726293,165914.91,14.332113418014186,14.72972972972973,9.203296703296704,58.35355405405406,5.285783783783781,0.005675675675675507,-0.3102702702702693,1.093296703296705
luggage_accessories,1028,140387.92,30415.01,136.56412451361868,29.586585603112837,4.331712062256809,94,1013,56,10.882859173339183,170802.93000000002,21.6649765877292,9.14396887159533,5.528134254689043,-1.1858754863813203,6.766585603112837,0.26171206225680876,-5.896031128404669,-2.5818657453109566
home_appliances_2,234,113359.64,10601.28,484.442905982906,45.30461538461539,4.1239316239316235,31,227,16,13.892547723935389,123960.92,9.351899847247221,13.247863247863249,7.048458149779736,346.692905982906,22.484615384615388,0.05393162393162321,-1.7921367521367504,-1.0615418502202632
home_construction,478,83635.67,13828.6,174.9700209205021,28.930125523012553,4.01255230125523,79,471,39,13.558033537784068,97464.27,16.534332779303377,16.527196652719663,8.280254777070063,37.220020920502094,6.110125523012552,-0.05744769874477029,1.487196652719664,0.1702547770700633
home_appliances,764,80171.53,14818.9,104.93655759162303,19.396465968586387,4.143979057591623,98,747,50,11.311721128340524,94990.43,18.48399300849067,12.827225130890053,6.693440428380187,-32.81344240837697,-3.423534031413613,0.0739790575916226,-2.2127748691099463,-1.4165595716198123
agro_industry_and_commerce,182,72530.47,5843.6,398.51906593406596,32.10769230769231,4.021978021978022,27,177,9,11.432300428960033,78374.07,8.05675187269571,14.835164835164836,5.084745762711865,260.76906593406596,9.28769230769231,-0.048021978021978384,-0.2048351648351634,-3.0252542372881344
furniture_living_room,415,68637.39,17807.89,165.39130120481929,42.91057831325301,4.026506024096386,63,407,35,13.985994261306761,86445.28,25.944882228184955,15.180722891566264,8.5995085995086,27.641301204819285,20.090578313253012,-0.04349397590361459,0.1407228915662646,0.48950859950859993
fixed_telephony,216,59627.5,4631.53,276.05324074074076,21.442268518518517,3.8796296296296298,42,211,11,12.558761628927506,64259.03,7.76743952035554,19.444444444444446,5.213270142180095,138.30324074074076,-1.377731481481483,-0.19037037037037052,4.404444444444447,-2.8967298578199046
home_confort,373,57993.91,8620.36,155.47965147453084,23.11088471849866,3.9195710455764075,68,368,39,13.615084949929548,66614.27,14.864250401464568,18.230563002680967,10.597826086956522,17.72965147453084,0.2908847184986598,-0.15042895442359283,3.1905630026809675,2.487826086956522
air_conditioning,253,55207.95,6810.4,218.21324110671935,26.918577075098813,3.9802371541501977,45,246,10,11.88108904509184,62018.35,12.33590452099743,17.786561264822133,4.0650406504065035,80.46324110671935,4.098577075098813,-0.08976284584980254,2.746561264822134,-4.044959349593496
audio,348,51922.5,5747.95,149.20258620689654,16.517097701149424,3.824712643678161,77,346,45,13.516235381877543,57670.45,11.0702489286918,22.126436781609197,13.005780346820808,11.452586206896541,-6.302902298850576,-0.2452873563218394,7.086436781609198,4.895780346820809
small_appliances_home_oven_and_coffee,75,47445.71,2747.86,632.6094666666667,36.638133333333336,4.293333333333333,8,72,5,9.927397762345679,50193.57,5.791587901203291,10.666666666666668,6.944444444444445,494.85946666666666,13.818133333333336,0.22333333333333272,-4.373333333333331,-1.1655555555555548
books_general_interest,509,46869.88,9206.32,92.082278978389,18.087072691552063,4.461689587426326,42,493,34,11.54264328797802,56076.2,19.642294795719554,8.25147347740668,6.896551724137931,-45.667721021611,-4.7329273084479375,0.39168958742632576,-6.788526522593319,-1.2134482758620688
kitchen_dining_laundry_garden_furniture,244,46282.97,11901.8,189.68430327868853,48.777868852459015,4.032786885245901,34,237,11,11.913612625019534,58184.770000000004,25.715290094823214,13.934426229508196,4.641350210970464,51.93430327868853,25.957868852459015,-0.03721311475409905,-1.1055737704918034,-3.468649789029535
construction_tools_lights,236,42413.9,7690.28,179.7199152542373,32.58593220338983,4.088983050847458,29,234,21,9.790447530864197,50104.18,18.13150877424618,12.288135593220339,8.974358974358974,41.96991525423729,9.76593220338983,0.018983050847457328,-2.75186440677966,0.864358974358975
construction_tools_safety,163,40347.7,3908.83,247.53190184049078,23.980552147239262,3.8773006134969323,32,155,7,11.735801896654719,44256.53,9.687863248710583,19.631901840490798,4.516129032258064,109.78190184049078,1.1605521472392617,-0.19269938650306795,4.591901840490799,-3.5938709677419354
industry_commerce_and_business,235,40219.3,8130.09,171.14595744680852,34.59612765957447,4.165957446808511,28,232,19,10.894468594676928,48349.39,20.214399554442767,11.914893617021278,8.189655172413794,33.395957446808524,11.77612765957447,0.09595744680851048,-3.1251063829787213,0.07965517241379416
market_place,276,29400.48,5682.84,106.52347826086957,20.59,4.032608695652174,38,270,13,12.355230838477366,35083.32,19.329072178413416,13.768115942028986,4.814814814814815,-31.226521739130433,-2.2300000000000004,-0.03739130434782645,-1.271884057971013,-3.2951851851851846
food,445,29269.65,7251.46,65.77449438202248,16.29541573033708,4.249438202247191,55,436,44,9.846985696992865,36521.11,24.774672741218293,12.359550561797752,10.091743119266056,-71.97550561797752,-6.52458426966292,0.17943820224719076,-2.6804494382022472,1.9817431192660564
costruction_tools_garden,188,25804.75,5341.8,137.2593085106383,28.413829787234043,4.23404255319149,24,184,13,11.903970536433173,31146.55,20.70083996163497,12.76595744680851,7.065217391304348,-0.49069148936169427,5.593829787234043,0.1640425531914893,-2.2740425531914887,-1.0447826086956518
art,199,24044.1,4043.24,120.82462311557788,20.317788944723617,4.030150753768845,31,192,15,11.328749035493827,28087.339999999997,16.815934054508176,15.577889447236181,7.8125,-16.92537688442212,-2.5022110552763834,-0.03984924623115571,0.5378894472361821,-0.29749999999999943
fashion_shoes,238,23493.97,4888.72,98.71415966386554,20.540840336134455,4.180672268907563,32,233,15,15.739348225639803,28382.690000000002,20.80840317749618,13.445378151260504,6.437768240343347,-39.035840336134456,-2.2791596638655456,0.11067226890756299,-1.5946218487394948,-1.6722317596566523
drinks,289,21896.52,5587.45,75.76650519031142,19.333737024221453,4.159169550173011,35,279,18,10.451560301340766,27483.97,25.51752515924905,12.110726643598616,6.451612903225806,-61.98349480968858,-3.4862629757785477,0.08916955017301031,-2.9292733564013833,-1.6583870967741934
signaling_and_security,139,21433.33,6486.5,154.19661870503597,46.66546762589928,4.107913669064748,16,137,8,10.877557447958909,27919.83,30.26361279371894,11.510791366906476,5.839416058394161,16.446618705035974,23.845467625899282,0.037913669064748134,-3.529208633093523,-2.270583941605839
furniture_bedroom,93,19545.68,4551.05,210.16860215053765,48.936021505376345,4.161290322580645,14,88,7,13.898752498947811,24096.73,23.28417328023379,15.053763440860216,7.954545454545454,72.41860215053765,26.116021505376345,0.09129032258064473,0.013763440860216747,-0.1554545454545453
books_technical,259,19213.98,4336.16,74.18525096525096,16.7419305019305,4.382239382239383,27,255,28,10.615925517429195,23550.14,22.5677345349584,10.424710424710424,10.980392156862745,-63.56474903474904,-6.0780694980695,0.3122393822393823,-4.615289575289575,2.8703921568627457
costruction_tools_tools,97,15903.95,2030.22,163.95824742268042,20.930103092783504,4.371134020618556,10,97,6,12.209838082283314,17934.170000000002,12.76550793985142,10.309278350515463,6.185567010309279,26.208247422680415,-1.889896907216496,0.301134020618556,-4.730721649484536,-1.9244329896907209
food_drink,225,15230.08,4518.75,67.68924444444444,20.083333333333332,4.364444444444445,14,219,14,10.839329337899544,19748.83,29.6699032441064,6.222222222222222,6.392694063926941,-70.06075555555556,-2.736666666666668,0.2944444444444443,-8.817777777777778,-1.7173059360730587
fashion_male_clothing,112,10847.720000000001,2167.5099999999998,96.85464285714286,19.352767857142855,3.6785714285714284,30,106,5,12.85953692784766,13015.230000000001,19.981249516027326,26.785714285714285,4.716981132075472,-40.89535714285714,-3.4672321428571458,-0.3914285714285719,11.745714285714286,-3.3930188679245274
fashion_underwear_beach,121,9541.55,1916.19,78.85578512396694,15.836280991735538,3.909090909090909,23,117,15,14.00258270022159,11457.74,20.08258616262557,19.00826446280992,12.82051282051282,-58.89421487603306,-6.983719008264462,-0.1609090909090911,3.9682644628099197,4.71051282051282
christmas_supplies,128,8816.82,3234.59,68.88140625,25.270234375,4.0390625,17,125,12,15.374882037037038,12051.41,36.68658314448974,13.28125,9.6,-68.86859375,2.450234375000001,-0.030937500000000284,-1.7587499999999991,1.4900000000000002
tablets_printing_image,77,7382.41,1225.64,95.87545454545455,15.9174025974026,4.090909090909091,11,77,5,13.04695196007696,8608.05,16.60216650118322,14.285714285714285,6.493506493506493,-41.874545454545455,-6.902597402597401,0.020909090909090544,-0.7542857142857144,-1.6164935064935069
cine_photo,65,7157.34,1287.28,110.11292307692308,19.80430769230769,4.230769230769231,9,63,5,10.469129188712522,8444.62,17.98545269611336,13.846153846153847,7.936507936507936,-27.63707692307692,-3.0156923076923086,0.16076923076923055,-1.1938461538461524,-0.1734920634920636
dvds_blu_ray,59,6094.28,1316.05,103.2928813559322,22.30593220338983,4.033898305084746,11,56,4,12.97692791005291,7410.33,21.594839751373417,18.64406779661017,7.142857142857142,-34.457118644067805,-0.5140677966101705,-0.03610169491525461,3.6040677966101704,-0.9671428571428571
books_imported,52,4619.86,756.41,88.84346153846153,14.546346153846153,4.384615384615385,6,49,1,7.804387518896447,5376.2699999999995,16.373006974237313,11.538461538461538,2.0408163265306123,-48.906538461538474,-8.273653846153847,0.31461538461538474,-3.501538461538461,-6.069183673469388
