category_english,orders,gmv,freight,avg_price,avg_freight,avg_review_score,low_rating_count,delivered_orders,late_count,avg_lead_time_days,revenue,freight_ratio_pct,low_rating_rate_pct,late_rate_pct,price_diff_vs_baseline,freight_diff_vs_baseline,review_diff_vs_baseline,low_rating_diff_vs_baseline,late_rate_diff_vs_baseline,priority_segment
electronics,2539,160861.7,46881.59,63.35632138637259,18.464588420638044,4.084285151634502,362,2506,247,12.941406753421418,207743.29,29.144034907003963,14.257581725088617,9.85634477254589,-74.3936786136274,-4.355411579361956,0.014285151634501503,-0.7824182749113824,1.746344772545891,High Delivery Problems
home_confort,373,57993.91,8620.36,155.47965147453084,23.11088471849866,3.9195710455764075,68,368,39,13.615084949929548,66614.27,14.864250401464568,18.230563002680967,10.597826086956522,17.72965147453084,0.2908847184986598,-0.15042895442359283,3.1905630026809675,2.487826086956522,High Delivery Problems
audio,348,51922.5,5747.95,149.20258620689654,16.517097701149424,3.824712643678161,77,346,45,13.516235381877543,57670.45,11.0702489286918,22.126436781609197,13.005780346820808,11.452586206896541,-6.302902298850576,-0.2452873563218394,7.086436781609198,4.895780346820809,High Delivery Problems
food,445,29269.65,7251.46,65.77449438202248,16.29541573033708,4.249438202247191,55,436,44,9.846985696992865,36521.11,24.774672741218293,12.359550561797752,10.091743119266056,-71.97550561797752,-6.52458426966292,0.17943820224719076,-2.6804494382022472,1.9817431192660564,High Delivery Problems
fashion_shoes,238,23493.97,4888.72,98.71415966386554,20.540840336134455,4.180672268907563,32,233,15,15.739348225639803,28382.690000000002,20.80840317749618,13.445378151260504,6.437768240343347,-39.035840336134456,-2.2791596638655456,0.11067226890756299,-1.5946218487394948,-1.6722317596566523,High Delivery Problems
books_technical,259,19213.98,4336.16,74.18525096525096,16.7419305019305,4.382239382239383,27,255,28,10.615925517429195,23550.14,22.5677345349584,10.424710424710424,10.980392156862745,-63.56474903474904,-6.0780694980695,0.3122393822393823,-4.615289575289575,2.8703921568627457,High Delivery Problems
fashion_underwear_beach,121,9541.55,1916.19,78.85578512396694,15.836280991735538,3.909090909090909,23,117,15,14.00258270022159,11457.74,20.08258616262557,19.00826446280992,12.82051282051282,-58.89421487603306,-6.983719008264462,-0.1609090909090911,3.9682644628099197,4.71051282051282,High Delivery Problems
christmas_supplies,128,8816.82,3234.59,68.88140625,25.270234375,4.0390625,17,125,12,15.374882037037038,12051.41,36.68658314448974,13.28125,9.6,-68.86859375,2.450234375000001,-0.030937500000000284,-1.7587499999999991,1.4900000000000002,High Delivery Problems
health_beauty,8803,1259968.04,182651.86,143.12939225264114,20.74881972054981,4.169033284107691,1141,8614,775,12.091885805693112,1442619.9,14.496547071146344,12.96149040099966,8.996981657766428,5.379392252641139,-2.0711802794501892,0.09903328410769063,-2.0785095990003395,0.8869816577664285,High-Volume / High-Satisfaction
sports_leisure,7685,987819.48,168516.26,128.5386441119063,21.927945348080677,4.157839947950553,1021,7495,583,12.257112205976824,1156335.74,17.05941858931553,13.28562134027326,7.778519012675117,-9.211355888093692,-0.8920546519193238,0.0878399479505525,-1.75437865972674,-0.3314809873248823,High-Volume / High-Satisfaction
housewares,5829,635149.98,146490.01,108.96379825012866,25.131242065534398,4.135014582261109,782,5688,399,11.111738892714357,781639.99,23.063845487328837,13.415680219591696,7.014767932489452,-28.78620174987134,2.3112420655343975,0.06501458226110834,-1.6243197804083032,-1.0952320675105476,High-Volume / High-Satisfaction
cool_stuff,3597,634415.95,83927.04,176.3736308034473,23.33251042535446,4.1659716430358635,452,3524,243,12.411484933340692,718342.99,13.229024270275676,12.566027244926328,6.895573212258797,38.6236308034473,0.5125104253544599,0.09597164303586325,-2.473972755073671,-1.2144267877412025,High-Volume / High-Satisfaction
garden_tools,3480,486417.93,98993.1,139.7752672413793,28.446293103448276,4.1419540229885055,460,3412,274,13.664890056472798,585411.03,20.35144962686717,13.218390804597702,8.030480656506448,2.0252672413793107,5.626293103448276,0.07195402298850517,-1.8216091954022975,-0.07951934349355128,High-Volume / High-Satisfaction
toys,3863,483475.83,77641.28,125.15553455863319,20.098700491845715,4.172663732850117,506,3781,285,11.752449157948613,561117.11,16.058978584306892,13.098628009319183,7.537688442211055,-12.594465441366808,-2.721299508154285,0.10266373285011632,-1.9413719906808158,-0.5723115577889448,High-Volume / High-Satisfaction
perfumery,3149,399511.48,54242.55,126.86931724356938,17.22532550015878,4.204826929183868,418,3074,228,11.924081944444444,453754.02999999997,13.57721935800193,13.27405525563671,7.41704619388419,-10.880682756430616,-5.594674499841219,0.13482692918386796,-1.7659447443632885,-0.6929538061158098,High-Volume / High-Satisfaction
stationery,2299,232080.79,47029.46,100.94858199217052,20.456485428447152,4.2370595911265765,267,2252,175,12.785560052587002,279110.25,20.26426228556013,11.613745106568073,7.770870337477797,-36.80141800782948,-2.363514571552848,0.1670595911265762,-3.426254893431926,-0.3391296625222022,High-Volume / High-Satisfaction
pet_shop,1703,214462.58000000002,39594.48,125.93222548443923,23.249841456253673,4.2360540223135645,198,1681,106,11.38985769603631,254057.06000000003,18.4621858041622,11.626541397533764,6.305770374776919,-11.817774515560771,0.42984145625367276,0.16605402231356425,-3.4134586024662354,-1.8042296252230807,High-Volume / High-Satisfaction
fashion_bags_accessories,1855,152842.65,31514.32,82.39495956873316,16.988851752021564,4.175202156334231,222,1812,121,11.245222199240056,184356.97,20.618799791812037,11.967654986522911,6.677704194260485,-55.35504043126684,-5.831148247978437,0.10520215633423113,-3.072345013477088,-1.432295805739514,High-Volume / High-Satisfaction
luggage_accessories,1028,140387.92,30415.01,136.56412451361868,29.586585603112837,4.331712062256809,94,1013,56,10.882859173339183,170802.93000000002,21.6649765877292,9.14396887159533,5.528134254689043,-1.1858754863813203,6.766585603112837,0.26171206225680876,-5.896031128404669,-2.5818657453109566,High-Volume / High-Satisfaction
watches_gifts,5603,1203090.21,100791.59,214.7225075852222,17.988861324290557,4.052114938425843,869,5474,468,12.819929574128222,1303881.8,8.377725058539042,15.509548456184188,8.54950675922543,76.97250758522219,-4.831138675709443,-0.017885061574157035,0.4695484561841887,0.4395067592254307,High-Volume / Low-Satisfaction
bed_bath_table,9299,1031939.54,204154.08,110.97317345951178,21.954412302398104,3.958597698677277,1588,9154,808,13.032464177772923,1236093.62,19.783531116561342,17.07710506506076,8.826742407690627,-26.776826540488216,-0.8655876976018959,-0.11140230132272322,2.0371050650607607,0.7167424076906279,High-Volume / Low-Satisfaction
computers_accessories,6661,912684.83,147178.56,137.01919081219035,22.095565230445878,4.014712505629785,1092,6502,503,13.186484995898066,1059863.39,16.125890905845342,16.393934844617924,7.736081205782836,-0.7308091878096548,-0.7244347695541222,-0.05528749437021485,1.3539348446179247,-0.3739187942171638,High-Volume / Low-Satisfaction
furniture_decor,6351,732081.75,172741.03,115.27031176192726,27.199028499448904,4.0108644307983,1057,6210,532,13.12875637040019,904822.78,23.595866172049774,16.643048338844277,8.56682769726248,-22.47968823807274,4.3790284994489035,-0.05913556920170038,1.6030483388442782,0.4568276972624812,High-Volume / Low-Satisfaction
baby,2840,411556.27,68248.43,144.9141795774648,24.03113732394366,4.035211267605634,455,2764,256,12.705514807612424,479804.7,16.583013059186293,16.02112676056338,9.261939218523878,7.164179577464807,1.2111373239436602,-0.034788732394366306,0.9811267605633809,1.1519392185238786,High-Volume / Low-Satisfaction
telephony,4181,323217.86,71163.68,77.3063525472375,17.0207318823248,3.996412341545085,656,4075,348,12.974857657350602,394381.54,22.017248675552768,15.690026309495336,8.539877300613497,-60.443647452762505,-5.799268117675201,-0.07358765845491533,0.6500263094953365,0.42987730061349794,High-Volume / Low-Satisfaction
office_furniture,1264,273173.47000000003,68225.72,216.1182515822785,53.97604430379747,3.6186708860759493,286,1245,115,20.70659708277555,341399.19000000006,24.975236431268378,22.626582278481013,9.236947791164658,78.3682515822785,31.156044303797472,-0.45132911392405095,7.586582278481014,1.1269477911646586,High-Volume / Low-Satisfaction
uncategorized,1413,177910.84,27686.87,125.91000707714083,19.594387827317764,3.9228591648973814,278,1355,121,12.752533030955309,205597.71,15.562216445046293,19.67445152158528,8.929889298892988,-11.839992922859167,-3.2256121726822364,-0.14714083510261888,4.63445152158528,0.8198892988929884,High-Volume / Low-Satisfaction
